"Purchase","SalePriceMM","SalePriceCH","DiscMM","DiscCH","PriceDiff","LoyalCH"
1,0.727272727272727,0.514285714285714,0,0,0.694656488549618,0.500021001344086
1,0.454545454545455,0.514285714285714,0.375,0,0.465648854961832,0.600027401753712
1,0.818181818181818,0.428571428571429,0,0.34,0.816793893129771,0.680032522081413
0,0.454545454545455,0.428571428571429,0,0,0.511450381679389,0.40001460093446
1,0.454545454545455,0.428571428571429,0,0,0.511450381679389,0.956585221454173
1,0.727272727272727,0.428571428571429,0,0,0.740458015267175,0.965278777841782
1,0.363636363636364,0.428571428571429,0.5,0,0.435114503816794,0.972233222926267
1,0.363636363636364,0.514285714285714,0.5,0,0.389312977099237,0.977797579045059
1,0.363636363636364,0.514285714285714,0.5,0,0.389312977099237,0.982248863927291
1,0.363636363636364,0.514285714285714,0.5,0,0.389312977099237,0.985809091781874
1,0.818181818181818,0.671428571428572,0,0,0.687022900763359,0.988658274129544
1,0.854545454545454,0.285714285714286,0,0.54,0.923664122137405,0.99093741999488
1,0.363636363636364,0.857142857142857,0.675,0,0.206106870229008,0.992760536674347
1,0.854545454545454,0.671428571428572,0,0,0.717557251908397,0.680032522081413
1,0.854545454545454,0.957142857142857,0,0,0.564885496183206,0.744036618343574
1,0.854545454545454,0.957142857142857,0,0,0.564885496183206,0.795239895353303
0,0.454545454545455,0.514285714285714,0.375,0,0.465648854961832,0.500021001344086
0,0.9,0.671428571428572,0,0,0.755725190839695,0.40001460093446
0,0.9,0.671428571428572,0,0,0.755725190839695,0.320009480606759
1,0.9,0.671428571428572,0,0,0.755725190839695,0.500021001344086
1,0.9,0.671428571428572,0,0,0.755725190839695,0.600027401753712
1,0.9,0.528571428571429,0,0,0.83206106870229,0.680032522081413
1,0.9,0.671428571428572,0,0,0.755725190839695,0.744036618343574
1,0.854545454545454,0.142857142857143,0,0.74,1,0.795239895353303
1,0.854545454545454,0.671428571428572,0,0,0.717557251908397,0.836202516961085
1,0.854545454545454,0.285714285714286,0,0.54,0.923664122137405,0.868972614247312
1,0.854545454545454,0.671428571428572,0,0,0.717557251908397,0.895188292050691
1,0.854545454545454,0.671428571428572,0,0,0.717557251908397,0.916161634344598
1,0.363636363636364,0,0.675,0.94,0.66412213740458,0.932939708141321
1,0.854545454545454,0.957142857142857,0,0,0.564885496183206,0.946362567204301
1,0.818181818181818,0.714285714285714,0,0,0.66412213740458,0.500021001344086
1,0.854545454545454,0.142857142857143,0,0.74,1,0.600027401753712
0,0.172727272727273,0.814285714285714,1,0,0.0687022900763359,0.680032522081413
0,0.454545454545455,0.428571428571429,0,0,0.511450381679389,0.680032522081413
1,0.945454545454545,0.857142857142857,0,0,0.694656488549618,0.544023817524322
1,1,0.857142857142857,0,0,0.740458015267175,0.635229654697901
1,0.9,0.528571428571429,0,0,0.83206106870229,0.708194324436764
1,0.854545454545454,0.514285714285714,0,0.48,0.801526717557252,0.795239895353303
1,0.454545454545455,0.714285714285714,0.5,0.2,0.358778625954198,0.40001460093446
1,0.545454545454546,0.571428571428572,0,0,0.511450381679389,0.921008944572453
1,0.545454545454546,0.571428571428572,0,0,0.511450381679389,0.936817956349206
1,0.545454545454546,0.571428571428572,0,0,0.511450381679389,0.949464765745008
1,0.818181818181818,0.571428571428572,0,0,0.740458015267175,0.95958241327445
1,0.818181818181818,0.571428571428572,0,0,0.740458015267175,0.967676931323605
0,0.818181818181818,0.571428571428572,0,0,0.740458015267175,0.974151345686124
1,0.945454545454545,0.571428571428572,0,0,0.847328244274809,0.77931887640809
1,0.945454545454545,0.857142857142857,0,0,0.694656488549618,0.823465701804916
1,0.945454545454545,0.857142857142857,0,0,0.694656488549618,0.858782962109575
1,0.945454545454545,0.857142857142857,0,0,0.694656488549618,0.887037770417307
1,0.945454545454545,0.857142857142857,0,0,0.694656488549618,0.909640216973886
0,0.945454545454545,0.857142857142857,0,0,0.694656488549618,0.927723374295955
1,0.945454545454545,0.857142857142857,0,0,0.694656488549618,0.742176499295955
1,0.945454545454545,0.857142857142857,0,0,0.694656488549618,0.793751800115207
0,1,0.857142857142857,0,0,0.740458015267175,0.835011440732207
1,1,0.857142857142857,0,0,0.740458015267175,0.66800775249616
1,1,0.857142857142857,0,0,0.740458015267175,0.734416002624168
1,0.636363636363636,0.857142857142857,0.5,0,0.435114503816794,0.787543402777778
1,1,0.857142857142857,0,0,0.740458015267175,0.830045122887865
1,0.9,0.671428571428572,0,0,0.755725190839695,0.864047299027138
1,1,0.857142857142857,0,0,0.740458015267175,0.891248039874552
1,0.818181818181818,0.857142857142857,0,0,0.587786259541985,0.913009432603687
1,0.818181818181818,0.857142857142857,0,0,0.587786259541985,0.93041754672299
0,0.818181818181818,0.714285714285714,0,0.2,0.66412213740458,0.944345438108039
1,0.818181818181818,0.714285714285714,0,0.2,0.66412213740458,0.755473350294419
1,0.818181818181818,0.714285714285714,0,0.2,0.66412213740458,0.804389480926779
1,0.818181818181818,0.714285714285714,0,0.2,0.66412213740458,0.843521985407066
0,0.818181818181818,0.714285714285714,0,0.2,0.66412213740458,0.874827988991295
0,0.818181818181818,0.714285714285714,0,0.2,0.66412213740458,0.69986079109063
1,0.454545454545455,0.857142857142857,0.5,0,0.282442748091603,0.559885832693292
1,0.454545454545455,0.857142857142857,0.5,0,0.282442748091603,0.647919466845878
1,0.454545454545455,0.857142857142857,0.5,0,0.282442748091603,0.718345974142345
1,0.454545454545455,1,0.5,0,0.206106870229008,0.77468758000512
1,0.454545454545455,0.714285714285714,0.5,0.4,0.358778625954198,0.819760464669739
1,0.818181818181818,0.714285714285714,0,0.4,0.66412213740458,0.855818772401434
1,0.727272727272727,0.428571428571429,0,0,0.740458015267175,0.680032522081413
1,0.818181818181818,0.571428571428572,0,0,0.740458015267175,0.744036618343574
1,0.945454545454545,0.571428571428572,0,0,0.847328244274809,0.795239895353303
1,0.945454545454545,0.857142857142857,0,0,0.694656488549618,0.836202516961085
1,0.818181818181818,0.528571428571429,0,0.26,0.763358778625954,0.868972614247312
1,1,0.857142857142857,0,0,0.740458015267175,0.895188292050691
1,0.818181818181818,0.857142857142857,0,0,0.587786259541985,0.916161634344598
1,0.818181818181818,0.714285714285714,0,0.2,0.66412213740458,0.932939708141321
1,0.818181818181818,0.714285714285714,0,0.2,0.66412213740458,0.946362567204301
1,0.454545454545455,0.857142857142857,0.5,0,0.282442748091603,0.957100254416283
1,0.454545454545455,1,0.5,0,0.206106870229008,0.96569080421147
1,0.9,0.857142857142857,0,0,0.656488549618321,0.972563244047619
1,0.454545454545455,0.714285714285714,0.5,0.4,0.358778625954198,0.97806159594214
1,0.945454545454545,0.857142857142857,0,0,0.694656488549618,0.680032522081413
1,0.454545454545455,1,0.5,0,0.206106870229008,0.744036618343574
1,0.454545454545455,0.714285714285714,0.5,0.4,0.358778625954198,0.795239895353303
1,0.818181818181818,0.571428571428572,0,0,0.740458015267175,0.500021001344086
1,0.818181818181818,0.714285714285714,0,0.2,0.66412213740458,0.600027401753712
1,0.945454545454545,0.857142857142857,0,0,0.694656488549618,0.500021001344086
1,0.636363636363636,0.671428571428572,0.25,0,0.534351145038168,0.600027401753712
1,0.454545454545455,0.514285714285714,0.375,0,0.465648854961832,0.500021001344086
1,0.9,0.857142857142857,0,0,0.656488549618321,0.600027401753712
1,0.854545454545454,0.142857142857143,0,1,1,0.40001460093446
1,0.454545454545455,0.428571428571429,0,0,0.511450381679389,0.744036618343574
1,0.454545454545455,0.428571428571429,0,0,0.511450381679389,0.795239895353303
1,0.727272727272727,0.428571428571429,0,0,0.740458015267175,0.836202516961085
1,0.727272727272727,0.514285714285714,0,0,0.694656488549618,0.868972614247312
1,0.727272727272727,0.514285714285714,0,0,0.694656488549618,0.895188292050691
1,0.454545454545455,0.514285714285714,0.375,0,0.465648854961832,0.916161634344598
0,0.454545454545455,0.514285714285714,0.375,0,0.465648854961832,0.932939708141321
1,0.818181818181818,0.671428571428572,0,0,0.687022900763359,0.746349766385049
1,0.818181818181818,0.714285714285714,0,0,0.66412213740458,0.797090013760881
1,0.818181818181818,0.428571428571429,0,0.34,0.816793893129771,0.837682611687148
1,0.818181818181818,0.714285714285714,0,0,0.66412213740458,0.870156690028162
1,0.818181818181818,0.714285714285714,0,0,0.66412213740458,0.896136352726575
1,0.818181818181818,0.714285714285714,0,0,0.66412213740458,0.916919682859703
1,0.818181818181818,0.671428571428572,0,0,0.687022900763359,0.933545746927803
0,0.945454545454545,0.857142857142857,0,0,0.694656488549618,0.946847598246288
1,0.818181818181818,0.528571428571429,0,0.26,0.763358778625954,0.757475478430619
1,0.818181818181818,0.528571428571429,0,0.26,0.763358778625954,0.805991583461341
1,0.9,0.528571428571429,0,0.26,0.83206106870229,0.844804067460317
1,0.636363636363636,0.857142857142857,0.5,0,0.435114503816794,0.875853054595494
1,0.9,0.671428571428572,0,0,0.755725190839695,0.900693644393241
1,0.9,0.671428571428572,0,0,0.755725190839695,0.920564916154634
1,1,0.857142857142857,0,0,0.740458015267175,0.936462933627752
1,0.536363636363636,0.671428571428572,0.5,0,0.450381679389313,0.949180747567844
1,0.263636363636364,0.671428571428572,0.875,0,0.221374045801527,0.95935539874552
1,0.727272727272727,0.528571428571429,0,0,0.687022900763359,0.967494919674859
1,0.9,0.671428571428572,0,0,0.755725190839695,0.97400633640553
1,0.9,0.671428571428572,0,0,0.755725190839695,0.979215669802867
0,0.9,0.671428571428572,0,0,0.755725190839695,0.983382936507936
1,0.9,0.671428571428572,0,0,0.755725190839695,0.786704349078341
1,0.636363636363636,0.671428571428572,0.125,0,0.534351145038168,0.829374079941116
1,0.9,0.671428571428572,0,0,0.755725190839695,0.863510264656938
1,0.536363636363636,0.671428571428572,0.5,0,0.450381679389313,0.890818012352791
1,0.9,0.671428571428572,0,0,0.755725190839695,0.912665410586277
1,0.9,0.671428571428572,0,0,0.755725190839695,0.930142529121864
1,0.845454545454546,0.671428571428572,0.075,0,0.709923664122137,0.944125424027138
1,0.845454545454546,0.671428571428572,0.075,0,0.709923664122137,0.95531013984895
1,0.363636363636364,0.671428571428572,0.675,0,0.305343511450382,0.964258712557604
1,0.9,0.671428571428572,0,0,0.755725190839695,0.971418170762929
1,0.172727272727273,0.814285714285714,1,0,0.0687022900763359,0.977144537250384
1,0.172727272727273,0.814285714285714,1,0,0.0687022900763359,0.981726830517153
1,0.363636363636364,0.857142857142857,0.675,0,0.206106870229008,0.985392065092166
1,0.9,0.857142857142857,0,0,0.656488549618321,0.988324252752176
1,0.945454545454545,0.857142857142857,0,0,0.694656488549618,0.600027401753712
1,0.727272727272727,0.514285714285714,0,0,0.694656488549618,0.520022281426011
1,0.945454545454545,0.857142857142857,0,0,0.694656488549618,0.500021001344086
0,1,0.857142857142857,0,0,0.740458015267175,0.600027401753712
0,0.636363636363636,0.671428571428572,0.3,0,0.534351145038168,0.480019721262161
1,0.454545454545455,0.714285714285714,0.5,0.4,0.358778625954198,0.38401357686892
0,0.363636363636364,0.514285714285714,0.5,0,0.389312977099237,0.500021001344086
0,0.363636363636364,0.514285714285714,0.5,0,0.389312977099237,0.40001460093446
0,0.636363636363636,0.671428571428572,0.25,0,0.534351145038168,0.320009480606759
0,0.636363636363636,0.671428571428572,0.25,0,0.534351145038168,0.256005384344598
0,0.636363636363636,0.671428571428572,0.25,0,0.534351145038168,0.204802107334869
0,0.818181818181818,0.528571428571429,0,0.2,0.763358778625954,0.163839485727087
0,0.854545454545454,0.142857142857143,0,1,1,0.13106938844086
1,0.545454545454546,0.571428571428572,0,0,0.511450381679389,0.836202516961085
1,0.545454545454546,0.571428571428572,0,0,0.511450381679389,0.868972614247312
1,0.545454545454546,0.571428571428572,0,0,0.511450381679389,0.895188292050691
1,0.727272727272727,0.428571428571429,0,0,0.740458015267175,0.916161634344598
1,0.818181818181818,0.857142857142857,0,0,0.587786259541985,0.932939708141321
1,0.818181818181818,0.714285714285714,0,0.2,0.66412213740458,0.946362567204301
1,0.818181818181818,0.714285714285714,0,0.2,0.66412213740458,0.957100254416283
1,0.818181818181818,0.714285714285714,0,0.2,0.66412213740458,0.96569080421147
1,0.818181818181818,0.714285714285714,0,0.2,0.66412213740458,0.972563244047619
1,0.818181818181818,0.714285714285714,0,0.2,0.66412213740458,0.97806159594214
1,0.9,0.671428571428572,0,0,0.755725190839695,0.982459877432156
1,0.454545454545455,0.714285714285714,0.5,0.2,0.358778625954198,0.985978102598566
1,0.454545454545455,0.857142857142857,0.5,0,0.282442748091603,0.988793282770097
1,0.454545454545455,0.857142857142857,0.5,0,0.282442748091603,0.991045426907322
1,0.454545454545455,0.714285714285714,0.5,0.4,0.358778625954198,0.992846542178699
1,0.454545454545455,0.714285714285714,0.5,0.4,0.358778625954198,0.994287634408602
1,0.818181818181818,0.714285714285714,0,0.4,0.66412213740458,0.995440708205325
1,0.9,0.671428571428572,0,0,0.755725190839695,0.600027401753712
1,0.272727272727273,0.428571428571429,0.25,0,0.358778625954198,0.957100254416283
1,0.727272727272727,0.428571428571429,0,0,0.740458015267175,0.96569080421147
1,0.545454545454546,0.571428571428572,0,0,0.511450381679389,0.972563244047619
1,0.818181818181818,0.571428571428572,0,0,0.740458015267175,0.97806159594214
1,0.818181818181818,0.571428571428572,0,0,0.740458015267175,0.982459877432156
1,0.945454545454545,0.571428571428572,0,0,0.847328244274809,0.985978102598566
1,0.818181818181818,0.671428571428572,0,0,0.687022900763359,0.988793282770097
1,0.945454545454545,0.857142857142857,0,0,0.694656488549618,0.991045426907322
1,0.636363636363636,0.671428571428572,0.25,0,0.534351145038168,0.992846542178699
1,0.945454545454545,0.857142857142857,0,0,0.694656488549618,0.994287634408602
1,0.945454545454545,0.857142857142857,0,0,0.694656488549618,0.995440708205325
1,0.818181818181818,0.671428571428572,0,0,0.687022900763359,0.996363767281106
1,0.945454545454545,0.857142857142857,0,0,0.694656488549618,0.997101814516129
1,1,0.857142857142857,0,0,0.740458015267175,0.997691852278546
1,1,0.857142857142857,0,0,0.740458015267175,0.998163882488479
1,0.636363636363636,0.857142857142857,0.5,0,0.435114503816794,0.998541906682028
1,0.818181818181818,0.857142857142857,0,0,0.587786259541985,0.998843926011265
1,0.818181818181818,0.857142857142857,0,0,0.587786259541985,0.999085941500256
1,0.818181818181818,0.857142857142857,0,0,0.587786259541985,0.999278953853047
1,0.818181818181818,0.714285714285714,0,0.2,0.66412213740458,0.999433963773681
1,0.818181818181818,0.714285714285714,0,0.2,0.66412213740458,0.999557971710189
1,0.854545454545454,0.142857142857143,0,0.74,1,0.999656978046595
1,0.854545454545454,0.671428571428572,0,0,0.717557251908397,0.999735983102919
1,0.854545454545454,0.285714285714286,0,0.54,0.923664122137405,0.999798987135177
1,0.454545454545455,0.714285714285714,0.5,0.2,0.358778625954198,0.999849990399386
1,0.454545454545455,0.857142857142857,0.5,0,0.282442748091603,0.999890993023553
1,0.454545454545455,0.857142857142857,0.5,0,0.282442748091603,0.999922995071685
1,0.363636363636364,0.857142857142857,0.675,0,0.206106870229008,0.999948996735791
1,0.454545454545455,0.714285714285714,0.5,0.4,0.358778625954198,0.999969998079877
1,0.854545454545454,0.142857142857143,0,1,1,0.999986999167947
1,0.818181818181818,0.714285714285714,0,0.4,0.66412213740458,1
0,0.272727272727273,0.428571428571429,0.25,0,0.358778625954198,0.680032522081413
1,0.727272727272727,0.428571428571429,0,0,0.740458015267175,0.544023817524322
1,0.727272727272727,0.428571428571429,0,0,0.740458015267175,0.635229654697901
1,0.363636363636364,0.514285714285714,0.5,0,0.389312977099237,0.708194324436764
1,0.363636363636364,0.514285714285714,0.5,0,0.389312977099237,0.766566060227855
1,0.818181818181818,0.671428571428572,0,0,0.687022900763359,0.813263048835125
1,0.818181818181818,0.671428571428572,0,0,0.687022900763359,0.850621439772145
1,0.818181818181818,0.528571428571429,0,0.2,0.763358778625954,0.880507352470558
1,0.9,0.671428571428572,0,0,0.755725190839695,0.904416882680492
1,0.9,0.671428571428572,0,0,0.755725190839695,0.923544106822837
1,0.9,0.671428571428572,0,0,0.755725190839695,0.938846086149513
1,0.636363636363636,0.671428571428572,0.3,0,0.534351145038168,0.951086869559652
1,0.854545454545454,0.285714285714286,0,0.54,0.923664122137405,0.960880496351766
1,0.854545454545454,0.142857142857143,0,0.74,1,0.968714997759857
1,0.854545454545454,0.142857142857143,0,0.74,1,0.974982398873528
1,0.854545454545454,0.142857142857143,0,0.74,1,0.979996719790067
1,0.854545454545454,0.671428571428572,0,0,0.717557251908397,0.984007976510497
1,0.854545454545454,0.285714285714286,0,0.54,0.923664122137405,0.987217181899641
1,0.854545454545454,0.671428571428572,0,0,0.717557251908397,0.989784346198157
1,0.172727272727273,0.814285714285714,1,0,0.0687022900763359,0.991837477598566
0,0.454545454545455,0.428571428571429,0,0,0.511450381679389,0.320009480606759
1,0.727272727272727,0.428571428571429,0,0,0.740458015267175,0.256005384344598
0,0,0.671428571428572,1,0,0,0.404814908154122
1,0.818181818181818,0.528571428571429,0,0,0.763358778625954,0.323849726382488
0,0.818181818181818,0.528571428571429,0,0,0.763358778625954,0.459090381784434
0,0.945454545454545,0.857142857142857,0,0,0.694656488549618,0.500021001344086
0,0.945454545454545,0.857142857142857,0,0,0.694656488549618,0.40001460093446
0,0.945454545454545,0.857142857142857,0,0,0.694656488549618,0.320009480606759
1,0.363636363636364,0,0.675,0.94,0.66412213740458,0.520022281426011
0,0.363636363636364,0.857142857142857,0.675,0,0.206106870229008,0.616028425819252
1,0.454545454545455,0.428571428571429,0,0,0.511450381679389,0.535165250576037
1,0.363636363636364,0.514285714285714,0.5,0,0.389312977099237,0.628143201164875
0,0.363636363636364,0.514285714285714,0.5,0,0.389312977099237,0.702524961597542
1,0.363636363636364,0.514285714285714,0.5,0,0.389312977099237,0.562017969150026
1,0.818181818181818,0.571428571428572,0,0,0.740458015267175,0.649624575972862
1,0.818181818181818,0.571428571428572,0,0,0.740458015267175,0.719710061443932
1,0.818181818181818,0.671428571428572,0,0,0.687022900763359,0.775778649833589
1,0.818181818181818,0.671428571428572,0,0,0.687022900763359,0.820633520545315
1,0.9,0.671428571428572,0,0,0.755725190839695,0.856517817140297
1,0.9,0.671428571428572,0,0,0.755725190839695,0.88522465437788
1,0.9,0.671428571428572,0,0,0.755725190839695,0.908190124167947
1,0.9,0.671428571428572,0,0,0.755725190839695,0.926563300051203
1,0.636363636363636,0.671428571428572,0.3,0,0.534351145038168,0.941261240719406
1,0.636363636363636,0.671428571428572,0.3,0,0.534351145038168,0.953018993215566
1,0.854545454545454,0.671428571428572,0,0,0.717557251908397,0.962425595238095
1,0.854545454545454,0.142857142857143,0,0.74,1,0.96995107686892
1,0.854545454545454,0.142857142857143,0,0.74,1,0.975971462173579
1,0.854545454545454,0.671428571428572,0,0,0.717557251908397,0.980787770417307
1,0.854545454545454,0.671428571428572,0,0,0.717557251908397,0.98464101702509
1,0.854545454545454,0.285714285714286,0,0.54,0.923664122137405,0.987723214285714
1,0.854545454545454,0.285714285714286,0,0.54,0.923664122137405,0.990189372119816
1,0.854545454545454,0.671428571428572,0,0,0.717557251908397,0.992162498399898
1,0.854545454545454,0.671428571428572,0,0,0.717557251908397,0.993740599398361
0,0.363636363636364,0.857142857142857,0.675,0,0.206106870229008,0.995002680171531
1,0.272727272727273,0.428571428571429,0.25,0,0.358778625954198,0.163839485727087
1,0.363636363636364,0.428571428571429,0.5,0,0.435114503816794,0.331082189260113
1,0.9,0.671428571428572,0,0,0.755725190839695,0.500021001344086
0,0.818181818181818,0.714285714285714,0,0.2,0.66412213740458,0.600027401753712
0,0.9,0.671428571428572,0,0,0.755725190839695,0.480019721262161
0,0.536363636363636,0.671428571428572,0.5,0,0.450381679389313,0.38401357686892
1,0.9,0.671428571428572,0,0,0.755725190839695,0.307208661354327
1,0.845454545454546,0.671428571428572,0.075,0,0.709923664122137,0.445777529761905
1,0.845454545454546,0.671428571428572,0.075,0,0.709923664122137,0.556632624487967
1,0.9,0.857142857142857,0,0,0.656488549618321,0.645316300243216
1,0.9,0.857142857142857,0,0,0.656488549618321,0.716263840885817
0,0.536363636363636,0.671428571428572,0.5,0,0.450381679389313,0.667231702828981
0,0.545454545454546,0.571428571428572,0,0,0.511450381679389,0.564825148809524
0,0.818181818181818,0.571428571428572,0,0,0.740458015267175,0.45185791890681
0,0.9,0.671428571428572,0,0,0.755725190839695,0.533783162122376
0,0.845454545454546,0.671428571428572,0.075,0,0.709923664122137,0.427024329557092
0,0.454545454545455,0.714285714285714,0.5,0.4,0.358778625954198,0.341616863479263
0,0.818181818181818,0.714285714285714,0,0.4,0.66412213740458,0.273291490655402
0,0.545454545454546,0.571428571428572,0,0,0.511450381679389,0.027478758640553
0,0.818181818181818,0.571428571428572,0,0,0.740458015267175,0.0219804067460317
0,0.945454545454545,0.571428571428572,0,0,0.847328244274809,0.0175821252560164
0,0.945454545454545,0.571428571428572,0,0,0.847328244274809,0.0140639000896057
0,0.945454545454545,0.571428571428572,0,0,0.847328244274809,0.0112487199180748
0,0.945454545454545,0.571428571428572,0,0,0.847328244274809,0.00899657578084997
0,0.945454545454545,0.857142857142857,0,0,0.694656488549618,0.00719546050947261
0,0.945454545454545,0.857142857142857,0,0,0.694656488549618,0.00575436827956989
0,0.945454545454545,0.857142857142857,0,0,0.694656488549618,0.0046012944828469
0,0.945454545454545,0.857142857142857,0,0,0.694656488549618,0.00367823540706605
0,0.945454545454545,0.857142857142857,0,0,0.694656488549618,0.00294018817204301
0,0.945454545454545,0.857142857142857,0,0,0.694656488549618,0.00235015040962622
0,0.945454545454545,0.857142857142857,0,0,0.694656488549618,0.00187812019969278
0,1,0.857142857142857,0,0,0.740458015267175,0.00150009600614439
0,0.818181818181818,0.857142857142857,0,0,0.587786259541985,0.00119807667690732
0,0.818181818181818,0.857142857142857,0,0,0.587786259541985,0.000956061187916027
0,0.818181818181818,0.714285714285714,0,0.2,0.66412213740458,0.000763048835125448
0,0.818181818181818,0.714285714285714,0,0.2,0.66412213740458,0.000608038914490527
0,0.818181818181818,0.714285714285714,0,0.2,0.66412213740458,0.000484030977982591
0,0.9,0.671428571428572,0,0,0.755725190839695,0.000385024641577061
0,0.845454545454546,0.671428571428572,0.075,0,0.709923664122137,0.000306019585253456
0,0.172727272727273,0.814285714285714,1,0,0.0687022900763359,0.000243015552995392
0,0.454545454545455,0.714285714285714,0.5,0.4,0.358778625954198,0.000192012288786482
1,0.454545454545455,0.428571428571429,0,0,0.511450381679389,0.480019721262161
0,0.454545454545455,0.428571428571429,0,0,0.511450381679389,0.584026377688172
0,0.454545454545455,0,0,0.6,0.740458015267175,0.467218902009729
0,0.454545454545455,0.428571428571429,0,0,0.511450381679389,0.373772921466974
1,0.818181818181818,0.571428571428572,0,0,0.740458015267175,0.29901613703277
0,0.454545454545455,0.514285714285714,0.375,0,0.465648854961832,0.439223110279058
0,0.454545454545455,0.285714285714286,0.375,0.32,0.587786259541985,0.351376488095238
1,0.818181818181818,0.714285714285714,0,0,0.66412213740458,0.281098990335381
0,0.945454545454545,0.857142857142857,0,0,0.694656488549618,0.42489019297235
0,0.9,0.528571428571429,0,0.26,0.83206106870229,0.33990975422427
0,0.354545454545455,0.671428571428572,0.75,0,0.297709923664122,0.271925403225806
0,0.9,0.671428571428572,0,0,0.755725190839695,0.217537922427035
1,0.818181818181818,0.714285714285714,0,0.2,0.66412213740458,0.174028137800819
1,0.9,0.671428571428572,0,0,0.755725190839695,0.339233710957501
1,0.845454545454546,0.671428571428572,0.075,0,0.709923664122137,0.471397169418843
1,0.845454545454546,0.671428571428572,0.075,0,0.709923664122137,0.577127936187916
1,0.172727272727273,0.814285714285714,1,0,0.0687022900763359,0.661713349654378
1,0.9,0.857142857142857,0,0,0.656488549618321,0.729381680427547
1,0.9,0.857142857142857,0,0,0.656488549618321,0.783515144969278
1,0.9,0.857142857142857,0,0,0.656488549618321,0.826822916666667
0,0.818181818181818,0.571428571428572,0,0,0.740458015267175,0.795239895353303
1,0.945454545454545,0.571428571428572,0,0,0.847328244274809,0.636189716141833
1,0.945454545454545,0.857142857142857,0,0,0.694656488549618,0.70896237359191
1,0.945454545454545,0.857142857142857,0,0,0.694656488549618,0.500021001344086
1,0.636363636363636,0.857142857142857,0.5,0,0.435114503816794,0.600027401753712
1,0.818181818181818,0.714285714285714,0,0.2,0.66412213740458,0.680032522081413
0,0.454545454545455,0.714285714285714,0.5,0.2,0.358778625954198,0.500021001344086
1,0.454545454545455,0.714285714285714,0.5,0.2,0.358778625954198,0.40001460093446
0,0.272727272727273,0.428571428571429,0.25,0,0.358778625954198,0.40001460093446
1,0.272727272727273,0,0.25,0.6,0.587786259541985,0.320009480606759
1,0.818181818181818,0.528571428571429,0,0,0.763358778625954,0.456018185163851
1,0.636363636363636,0.671428571428572,0.125,0,0.534351145038168,0.564825148809524
0,0.818181818181818,0.714285714285714,0,0.2,0.66412213740458,0.651870719726062
1,0.854545454545454,0.671428571428572,0,0,0.717557251908397,0.40001460093446
0,0.363636363636364,0.528571428571429,0.5,0,0.381679389312977,0.500021001344086
0,0.636363636363636,0.671428571428572,0.125,0,0.534351145038168,0.40001460093446
0,0.272727272727273,0.428571428571429,0.25,0,0.358778625954198,0.149420562916027
0,0.363636363636364,0.514285714285714,0.5,0,0.389312977099237,0.119534650217614
0,0.363636363636364,0.514285714285714,0.5,0,0.389312977099237,0.0956251200076805
0,0.363636363636364,0.514285714285714,0.5,0,0.389312977099237,0.0764978958653354
0,0.818181818181818,0.671428571428572,0,0,0.687022900763359,0.0611959165386585
0,0.9,0.671428571428572,0,0,0.755725190839695,0.0489551331285202
0,0.9,0.671428571428572,0,0,0.755725190839695,0.0391615063364055
1,0.363636363636364,0.514285714285714,0.5,0,0.389312977099237,0.744036618343574
1,0.818181818181818,0.528571428571429,0,0.2,0.763358778625954,0.795239895353303
1,0.818181818181818,0.528571428571429,0,0.2,0.763358778625954,0.836202516961085
1,0.818181818181818,0.528571428571429,0,0,0.763358778625954,0.868972614247312
1,0.636363636363636,0.671428571428572,0.3,0,0.534351145038168,0.895188292050691
1,0.636363636363636,0.671428571428572,0.3,0,0.534351145038168,0.916161634344598
1,0.854545454545454,0.285714285714286,0,0.54,0.923664122137405,0.932939708141321
1,0.854545454545454,0.142857142857143,0,0.74,1,0.946362567204301
1,0.854545454545454,0.671428571428572,0,0,0.717557251908397,0.957100254416283
1,0.854545454545454,0.671428571428572,0,0,0.717557251908397,0.96569080421147
1,0.854545454545454,0.285714285714286,0,0.54,0.923664122137405,0.972563244047619
1,0.854545454545454,0.142857142857143,0,1,1,0.97806159594214
1,0.854545454545454,0.957142857142857,0,0,0.564885496183206,0.982459877432156
1,0.545454545454546,0.571428571428572,0,0,0.511450381679389,0.520022281426011
0,0.454545454545455,0.857142857142857,0.5,0,0.282442748091603,0.616028425819252
0,0.545454545454546,0.571428571428572,0,0,0.511450381679389,0.500021001344086
0,0.545454545454546,0.571428571428572,0,0,0.511450381679389,0.40001460093446
0,0.545454545454546,0.571428571428572,0,0,0.511450381679389,0.320009480606759
0,0.945454545454545,0.857142857142857,0,0,0.694656488549618,0.500021001344086
1,0.818181818181818,0.714285714285714,0,0.2,0.66412213740458,0.40001460093446
1,0.818181818181818,0.857142857142857,0,0,0.587786259541985,0.600027401753712
0,0.363636363636364,0.857142857142857,0.675,0,0.206106870229008,0.600027401753712
0,0.9,0.671428571428572,0,0,0.755725190839695,0.40001460093446
0,0.636363636363636,0.671428571428572,0.3,0,0.534351145038168,0.320009480606759
0,0.945454545454545,0.571428571428572,0,0,0.847328244274809,0.500021001344086
0,0.818181818181818,0.671428571428572,0,0,0.687022900763359,0.40001460093446
0,0.363636363636364,0.514285714285714,0.5,0,0.389312977099237,0.40001460093446
0,1,0.857142857142857,0,0,0.740458015267175,0.320009480606759
0,0.9,0.671428571428572,0,0,0.755725190839695,0.256005384344598
1,0.854545454545454,0.142857142857143,0,0.74,1,0.204802107334869
1,0.9,0.671428571428572,0,0,0.755725190839695,0.363852286546339
0,0.545454545454546,0.671428571428572,0.25,0,0.458015267175573,0.491092429915515
0,0.172727272727273,0.814285714285714,1,0,0.0687022900763359,0.392872143817204
1,0.363636363636364,0,0.675,0.94,0.66412213740458,0.314295114887353
0,0.454545454545455,0.428571428571429,0,0,0.511450381679389,0.500021001344086
0,0.727272727272727,0.514285714285714,0,0,0.694656488549618,0.40001460093446
1,0.9,0.528571428571429,0,0,0.83206106870229,0.320009480606759
0,0.454545454545455,0.428571428571429,0,0,0.511450381679389,0.256005384344598
0,0.454545454545455,0.428571428571429,0,0,0.511450381679389,0.204802107334869
0,0.727272727272727,0.514285714285714,0,0,0.694656488549618,0.163839485727087
0,0.454545454545455,0.285714285714286,0.375,0.32,0.587786259541985,0.13106938844086
1,0.818181818181818,0.528571428571429,0,0.26,0.763358778625954,0.104853710637481
1,0.9,0.671428571428572,0,0,0.755725190839695,0.283893169162826
0,0.263636363636364,0.671428571428572,0.875,0,0.221374045801527,0.427125336021505
1,0.454545454545455,0.428571428571429,0,0,0.511450381679389,0.0729866711469534
0,0.454545454545455,0.428571428571429,0,0,0.511450381679389,0.258400537634409
0,0.454545454545455,0.428571428571429,0,0,0.511450381679389,0.206718229966718
0,0.454545454545455,0.428571428571429,0,0,0.511450381679389,0.165372583845366
0,0.727272727272727,0.428571428571429,0,0,0.740458015267175,0.132295466909882
0,0.454545454545455,0.428571428571429,0,0,0.511450381679389,0.105833773361495
1,0.363636363636364,0.514285714285714,0.5,0,0.389312977099237,0.0846654185867896
0,0.727272727272727,0.514285714285714,0,0,0.694656488549618,0.267743135560676
0,0.727272727272727,0.514285714285714,0,0,0.694656488549618,0.214191708269329
0,0.727272727272727,0.514285714285714,0,0,0.694656488549618,0.171350966461854
1,0.818181818181818,0.571428571428572,0,0,0.740458015267175,0.137078773041475
0,0.818181818181818,0.671428571428572,0,0,0.687022900763359,0.309673819124424
0,0.454545454545455,0.285714285714286,0.375,0.32,0.587786259541985,0.24773685515873
1,0.9,0.671428571428572,0,0,0.755725190839695,0.198187684011777
0,0.9,0.671428571428572,0,0,0.755725190839695,0.358559947836662
1,0.854545454545454,0.142857142857143,0,0.74,1,0.286846358166923
0,0.854545454545454,0.671428571428572,0,0,0.717557251908397,0.429487487199181
0,0.454545454545455,0.857142857142857,0.5,0,0.282442748091603,0.343587989631336
0,0.845454545454546,0.671428571428572,0.075,0,0.709923664122137,0.274867591525858
0,0.363636363636364,0,0.675,0.94,0.66412213740458,0.219892073092678
0,0.172727272727273,0.814285714285714,1,0,0.0687022900763359,0.175911258320533
0,0.363636363636364,0.857142857142857,0.675,0,0.206106870229008,0.140727006528418
0,0.363636363636364,0.857142857142857,0.675,0,0.206106870229008,0.112579205069124
0,0.454545454545455,0.428571428571429,0,0,0.511450381679389,0.43348874327957
0,0.727272727272727,0.514285714285714,0,0,0.694656488549618,0.346789194508449
1,0,0.671428571428572,1,0,0,0.277428755440348
0,0.9,0.671428571428572,0,0,0.755725190839695,0.421954005056324
0,0.636363636363636,0.671428571428572,0.3,0,0.534351145038168,0.337560603878648
0,0.545454545454546,0.571428571428572,0,0,0.511450381679389,0.283893169162826
0,0.363636363636364,0.514285714285714,0.5,0,0.389312977099237,0.227112535202253
0,0.818181818181818,0.571428571428572,0,0,0.740458015267175,0.181687628008192
0,0.818181818181818,0.571428571428572,0,0,0.740458015267175,0.145348302291347
0,0.945454545454545,0.571428571428572,0,0,0.847328244274809,0.116276441692268
0,0.636363636363636,0.671428571428572,0.25,0,0.534351145038168,0.0930189532130056
0,0.636363636363636,0.857142857142857,0.5,0,0.435114503816794,0.0744127624167947
0,0.9,0.671428571428572,0,0,0.755725190839695,0.0595278097798259
0,1,0.857142857142857,0,0,0.740458015267175,0.0476200476830517
0,0.818181818181818,0.857142857142857,0,0,0.587786259541985,0.0380944380440348
0,0.818181818181818,0.857142857142857,0,0,0.587786259541985,0.0304729502688172
1,0.454545454545455,0.428571428571429,0,0,0.511450381679389,0.435216853878648
1,0.727272727272727,0.428571428571429,0,0,0.740458015267175,0.548184083781362
1,0.945454545454545,0.857142857142857,0,0,0.694656488549618,0.416015625
1,0.454545454545455,0.714285714285714,0.5,0.4,0.358778625954198,0.532823100678444
1,0.818181818181818,0.857142857142857,0,0,0.587786259541985,0.104853710637481
1,0.854545454545454,0.142857142857143,0,0.74,1,0.283893169162826
0,0.854545454545454,0.142857142857143,0,0.74,1,0.427125336021505
0,0.818181818181818,0.714285714285714,0,0.2,0.66412213740458,0.341697868663594
0,0.818181818181818,0.714285714285714,0,0.2,0.66412213740458,0.273356494815668
0,0.854545454545454,0.671428571428572,0,0,0.717557251908397,0.218682995711726
1,0.363636363636364,0.514285714285714,0.5,0,0.389312977099237,0.500021001344086
0,0,0.671428571428572,1,0,0,0.600027401753712
0,0.636363636363636,0.857142857142857,0.5,0,0.435114503816794,0.480019721262161
0,0.727272727272727,0.528571428571429,0,0,0.687022900763359,0.38401357686892
1,0.636363636363636,0.528571428571429,0.125,0,0.610687022900763,0.307208661354327
0,0.181818181818182,0.814285714285714,0.925,0,0.0763358778625955,0.445777529761905
0,0,0.671428571428572,1,0,0,0.600027401753712
1,0.818181818181818,0.528571428571429,0,0,0.763358778625954,0.480019721262161
1,0.9,0.528571428571429,0,0,0.83206106870229,0.584026377688172
1,0.9,0.528571428571429,0,0,0.83206106870229,0.667231702828981
1,0.9,0.528571428571429,0,0,0.83206106870229,0.733795962941628
1,0.727272727272727,0.528571428571429,0,0,0.687022900763359,0.787047371031746
1,0.636363636363636,0.671428571428572,0.125,0,0.534351145038168,0.829648097478239
0,0.181818181818182,0.814285714285714,0.925,0,0.0763358778625955,0.863729278673835
1,0.363636363636364,0.514285714285714,0.5,0,0.389312977099237,0.524630576356887
1,0.9,0.671428571428572,0,0,0.755725190839695,0.619714661738351
0,0.818181818181818,0.857142857142857,0,0,0.587786259541985,0.695782530081925
0,0.354545454545455,0.671428571428572,0.75,0,0.297709923664122,0.55662362391193
0,0.9,0.671428571428572,0,0,0.755725190839695,0.445296498975934
1,0.854545454545454,0.142857142857143,0,0.74,1,0.356235799091142
1,0.536363636363636,0.671428571428572,0.5,0,0.450381679389313,0.484999039938556
1,0.9,0.671428571428572,0,0,0.755725190839695,0.588009632616488
0,0.454545454545455,0.714285714285714,0.5,0.2,0.358778625954198,0.670417906746032
1,0.845454545454546,0.671428571428572,0.075,0,0.709923664122137,0.536332325268817
1,0.363636363636364,0,0.675,0.94,0.66412213740458,0.629076260880696
0,0.363636363636364,0.857142857142857,0.675,0,0.206106870229008,0.703272009408602
0,0.172727272727273,0.814285714285714,1,0,0.0687022900763359,0.562615007360471
0,0.454545454545455,0.714285714285714,0.5,0.4,0.358778625954198,0.450089805747568
0,0.818181818181818,0.714285714285714,0,0,0.66412213740458,0.480019721262161
1,0.545454545454546,0.571428571428572,0,0,0.511450381679389,0.480019721262161
1,0.454545454545455,0.428571428571429,0,0,0.511450381679389,0.584026377688172
1,0.9,0.671428571428572,0,0,0.755725190839695,0.667231702828981
1,0.854545454545454,0.142857142857143,0,0.74,1,0.733795962941628
1,0.854545454545454,0.671428571428572,0,0,0.717557251908397,0.787047371031746
1,0.854545454545454,0.285714285714286,0,0.54,0.923664122137405,0.829648097478239
1,0.854545454545454,0.671428571428572,0,0,0.717557251908397,0.863729278673835
1,0.854545454545454,0.671428571428572,0,0,0.717557251908397,0.890994023617511
1,0.363636363636364,0,0.675,0.94,0.66412213740458,0.912805419546851
1,0.363636363636364,0,0.675,0.94,0.66412213740458,0.500021001344086
0,0.172727272727273,0.814285714285714,1,0,0.0687022900763359,0.600027401753712
0,0.363636363636364,0.857142857142857,0.675,0,0.206106870229008,0.480019721262161
1,0.854545454545454,0.142857142857143,0,1,1,0.38401357686892
0,0.818181818181818,0.671428571428572,0,0,0.687022900763359,0.256005384344598
1,0.818181818181818,0.528571428571429,0,0.2,0.763358778625954,0.40001460093446
1,0.854545454545454,0.142857142857143,0,0.74,1,0.520022281426011
1,0.854545454545454,0.142857142857143,0,0.74,1,0.616028425819252
1,0.854545454545454,0.671428571428572,0,0,0.717557251908397,0.692833341333845
1,0.854545454545454,0.285714285714286,0,0.54,0.923664122137405,0.75427727374552
1,0.363636363636364,0,0.675,0.94,0.66412213740458,0.803432419674859
1,0.818181818181818,0.528571428571429,0,0.26,0.763358778625954,0.600027401753712
1,0.9,0.528571428571429,0,0.26,0.83206106870229,0.680032522081413
1,0.9,0.671428571428572,0,0,0.755725190839695,0.584026377688172
1,0.818181818181818,0.571428571428572,0,0,0.740458015267175,0.500021001344086
1,0.818181818181818,0.571428571428572,0,0,0.740458015267175,0.600027401753712
1,0.727272727272727,0.514285714285714,0,0,0.694656488549618,0.680032522081413
1,0.727272727272727,0.514285714285714,0,0,0.694656488549618,0.744036618343574
1,0.945454545454545,0.571428571428572,0,0,0.847328244274809,0.795239895353303
1,0.454545454545455,0.514285714285714,0.375,0,0.465648854961832,0.836202516961085
1,0.945454545454545,0.571428571428572,0,0,0.847328244274809,0.868972614247312
1,0.454545454545455,0.285714285714286,0.375,0.32,0.587786259541985,0.895188292050691
1,0.945454545454545,0.857142857142857,0,0,0.694656488549618,0.916161634344598
1,0.945454545454545,0.857142857142857,0,0,0.694656488549618,0.500021001344086
0,0.818181818181818,0.714285714285714,0,0.2,0.66412213740458,0.600027401753712
0,0.454545454545455,0.428571428571429,0,0,0.511450381679389,0.500021001344086
0,0.354545454545455,0.671428571428572,0.75,0,0.297709923664122,0.40001460093446
0,0.536363636363636,0.671428571428572,0.5,0,0.450381679389313,0.320009480606759
0,0.172727272727273,0.814285714285714,1,0,0.0687022900763359,0.256005384344598
0,0.363636363636364,0.857142857142857,0.675,0,0.206106870229008,0.204802107334869
1,0.545454545454546,0.571428571428572,0,0,0.511450381679389,0.40001460093446
1,0.818181818181818,0.571428571428572,0,0,0.740458015267175,0.520022281426011
1,0.818181818181818,0.571428571428572,0,0,0.740458015267175,0.616028425819252
1,0.945454545454545,0.571428571428572,0,0,0.847328244274809,0.692833341333845
1,0.945454545454545,0.857142857142857,0,0,0.694656488549618,0.75427727374552
1,0.945454545454545,0.857142857142857,0,0,0.694656488549618,0.803432419674859
1,0.945454545454545,0.857142857142857,0,0,0.694656488549618,0.842756936443932
1,0.945454545454545,0.857142857142857,0,0,0.694656488549618,0.874215949820789
1,1,0.857142857142857,0,0,0.740458015267175,0.899383560547875
1,1,0.857142857142857,0,0,0.740458015267175,0.919516849078341
1,0.818181818181818,0.857142857142857,0,0,0.587786259541985,0.935623879928315
1,0.818181818181818,0.857142857142857,0,0,0.587786259541985,0.948509704621096
1,0.818181818181818,0.714285714285714,0,0.2,0.66412213740458,0.95881836437532
1,0.818181818181818,0.714285714285714,0,0.2,0.66412213740458,0.967065892217102
1,0.454545454545455,0.714285714285714,0.5,0.2,0.358778625954198,0.973663314452125
1,0.454545454545455,0.857142857142857,0.5,0,0.282442748091603,0.978940652201741
1,0.454545454545455,0.714285714285714,0.5,0.4,0.358778625954198,0.983163922491039
1,0.818181818181818,0.714285714285714,0,0.4,0.66412213740458,0.986541138632872
1,0.454545454545455,0,0,0.6,0.740458015267175,0.500021001344086
1,0.9,0.671428571428572,0,0,0.755725190839695,0.600027401753712
1,0.536363636363636,0.671428571428572,0.5,0,0.450381679389313,0.680032522081413
0,0.172727272727273,0.814285714285714,1,0,0.0687022900763359,0.744036618343574
0,0.454545454545455,0.671428571428572,0.375,0,0.381679389312977,0.500021001344086
0,0.854545454545454,0.142857142857143,0,1,1,0.40001460093446
0,0.363636363636364,0.528571428571429,0.5,0,0.381679389312977,0.500021001344086
0,0.363636363636364,0.528571428571429,0.5,0,0.381679389312977,0.40001460093446
1,0.945454545454545,0.857142857142857,0,0,0.694656488549618,0.600027401753712
1,0.818181818181818,0.714285714285714,0,0,0.66412213740458,0.680032522081413
1,0.818181818181818,0.714285714285714,0,0,0.66412213740458,0.744036618343574
1,0.363636363636364,0.514285714285714,0.5,0,0.389312977099237,0.600027401753712
0,0.727272727272727,0.514285714285714,0,0,0.694656488549618,0.680032522081413
1,0.363636363636364,0.514285714285714,0.5,0,0.389312977099237,0.544023817524322
1,0.818181818181818,0.571428571428572,0,0,0.740458015267175,0.635229654697901
1,0.454545454545455,0.514285714285714,0.375,0,0.465648854961832,0.708194324436764
1,0.9,0.671428571428572,0,0,0.755725190839695,0.766566060227855
1,0.854545454545454,0.285714285714286,0,0.54,0.923664122137405,0.813263048835125
1,0.854545454545454,0.142857142857143,0,0.74,1,0.850621439772145
1,0.818181818181818,0.714285714285714,0,0.2,0.66412213740458,0.880507352470558
1,0.9,0.671428571428572,0,0,0.755725190839695,0.320009480606759
0,0.363636363636364,0,0.675,0.94,0.66412213740458,0.500021001344086
1,0.363636363636364,0,0.675,0.94,0.66412213740458,0.40001460093446
1,0.9,0.671428571428572,0,0,0.755725190839695,0.500021001344086
1,0.363636363636364,0,0.675,0.94,0.66412213740458,0.600027401753712
0,0.545454545454546,0.571428571428572,0,0,0.511450381679389,0.266246039746544
0,0.454545454545455,0,0,0.6,0.740458015267175,0.212994631656426
0,0.454545454545455,0.428571428571429,0,0,0.511450381679389,0.170393905209933
0,0.727272727272727,0.428571428571429,0,0,0.740458015267175,0.136312724014337
0,0.727272727272727,0.428571428571429,0,0,0.740458015267175,0.109047979070661
0,0.727272727272727,0.514285714285714,0,0,0.694656488549618,0.087236583141321
0,0.363636363636364,0.514285714285714,0.5,0,0.389312977099237,0.0697864663338454
0,0.727272727272727,0.514285714285714,0,0,0.694656488549618,0.0558275729646697
0,0.454545454545455,0.514285714285714,0.375,0,0.465648854961832,0.0446598582309268
1,0.454545454545455,0.671428571428572,0.375,0,0.381679389312977,0.0357252864183308
0,0.818181818181818,0.714285714285714,0,0,0.66412213740458,0.228590629800307
1,0.818181818181818,0.528571428571429,0,0.26,0.763358778625954,0.182870703725038
1,0.9,0.671428571428572,0,0,0.755725190839695,0.346307163658474
0,0.181818181818182,0.814285714285714,0.925,0,0.0763358778625955,0.477056531618024
0,0.854545454545454,0.857142857142857,0,0,0.618320610687023,0.381642425115207
1,0.363636363636364,0.514285714285714,0.5,0,0.389312977099237,0.500021001344086
1,0.854545454545454,0.285714285714286,0,0.54,0.923664122137405,0.600027401753712
0,0.818181818181818,0.714285714285714,0,0,0.66412213740458,0.500021001344086
1,0.854545454545454,0.957142857142857,0,0,0.564885496183206,0.40001460093446
1,0.545454545454546,0.571428571428572,0,0,0.511450381679389,0.667231702828981
1,0.818181818181818,0.528571428571429,0,0,0.763358778625954,0.500021001344086
1,0.854545454545454,0.142857142857143,0,0.74,1,0.600027401753712
0,0.545454545454546,0.571428571428572,0,0,0.511450381679389,0.40001460093446
0,0.363636363636364,0.514285714285714,0.5,0,0.389312977099237,0.40001460093446
1,0.854545454545454,0.142857142857143,0,1,1,0.320009480606759
0,0.818181818181818,0.671428571428572,0,0,0.687022900763359,0.500021001344086
0,0.818181818181818,0.528571428571429,0,0,0.763358778625954,0.40001460093446
0,0.818181818181818,0.571428571428572,0,0,0.740458015267175,0.0776709709421403
1,0.818181818181818,0.571428571428572,0,0,0.740458015267175,0.0621349766385049
0,0.945454545454545,0.571428571428572,0,0,0.847328244274809,0.249717981950845
1,1,0.857142857142857,0,0,0.740458015267175,0.199772785458269
0,1,0.857142857142857,0,0,0.740458015267175,0.35982902905786
1,0.818181818181818,0.714285714285714,0,0.2,0.66412213740458,0.287860423067076
1,0.727272727272727,0.428571428571429,0,0,0.740458015267175,0.600027401753712
1,0.818181818181818,0.671428571428572,0,0,0.687022900763359,0.500021001344086
1,0.854545454545454,0.671428571428572,0,0,0.717557251908397,0.600027401753712
1,0.9,0.671428571428572,0,0,0.755725190839695,0.500021001344086
1,0.9,0.671428571428572,0,0,0.755725190839695,0.600027401753712
1,0.9,0.671428571428572,0,0,0.755725190839695,0.680032522081413
1,0.636363636363636,0.671428571428572,0.3,0,0.534351145038168,0.744036618343574
1,0.854545454545454,0.285714285714286,0,0.54,0.923664122137405,0.795239895353303
1,0.854545454545454,0.142857142857143,0,0.74,1,0.836202516961085
1,0.854545454545454,0.142857142857143,0,0.74,1,0.868972614247312
1,0.854545454545454,0.671428571428572,0,0,0.717557251908397,0.895188292050691
1,0.272727272727273,0,0.25,0.6,0.587786259541985,0.500021001344086
0,0.363636363636364,0.514285714285714,0.5,0,0.389312977099237,0.600027401753712
1,0.818181818181818,0.528571428571429,0,0.2,0.763358778625954,0.480019721262161
1,0.818181818181818,0.528571428571429,0,0.2,0.763358778625954,0.584026377688172
1,0.9,0.671428571428572,0,0,0.755725190839695,0.667231702828981
1,0.9,0.671428571428572,0,0,0.755725190839695,0.733795962941628
1,0.9,0.671428571428572,0,0,0.755725190839695,0.787047371031746
1,0.9,0.671428571428572,0,0,0.755725190839695,0.829648097478239
1,0.9,0.671428571428572,0,0,0.755725190839695,0.863729278673835
1,0.9,0.671428571428572,0,0,0.755725190839695,0.890994023617511
1,0.9,0.671428571428572,0,0,0.755725190839695,0.912805419546851
1,0.9,0.671428571428572,0,0,0.755725190839695,0.930255536354327
1,0.636363636363636,0.671428571428572,0.3,0,0.534351145038168,0.944214429723502
1,0.636363636363636,0.671428571428572,0.3,0,0.534351145038168,0.955382144457245
1,0.636363636363636,0.671428571428572,0.3,0,0.534351145038168,0.964316716269841
1,0.854545454545454,0.671428571428572,0,0,0.717557251908397,0.971464173707117
1,0.854545454545454,0.671428571428572,0,0,0.717557251908397,0.977181539618536
1,0.854545454545454,0.142857142857143,0,0.74,1,0.981755832373272
1,0.854545454545454,0.142857142857143,0,0.74,1,0.98541506656426
1,0.636363636363636,0.671428571428572,0.125,0,0.534351145038168,0.988343253968254
1,0.854545454545454,0.671428571428572,0,0,0.717557251908397,0.990685403865847
1,0.854545454545454,0.285714285714286,0,0.54,0.923664122137405,0.99255852374552
1,0.854545454545454,0.142857142857143,0,1,1,0.99405761968766
0,0.818181818181818,0.528571428571429,0,0.2,0.763358778625954,0.600027401753712
1,0.363636363636364,0.514285714285714,0.5,0,0.389312977099237,0.204802107334869
1,0.9,0.671428571428572,0,0,0.755725190839695,0.363852286546339
1,0.9,0.671428571428572,0,0,0.755725190839695,0.491092429915515
1,0.636363636363636,0.671428571428572,0.3,0,0.534351145038168,0.592884944636457
1,0.854545454545454,0.671428571428572,0,0,0.717557251908397,0.674318156362007
1,0.854545454545454,0.671428571428572,0,0,0.717557251908397,0.73946532578085
1,0.363636363636364,0.528571428571429,0.5,0,0.381679389312977,0.791582661290323
1,0.636363636363636,0.528571428571429,0.125,0,0.610687022900763,0.8332763296851
1,0.854545454545454,0.671428571428572,0,0,0.717557251908397,0.866632464477727
1,0.854545454545454,0.285714285714286,0,0.54,0.923664122137405,0.893316172235023
1,0.9,0.671428571428572,0,0,0.755725190839695,0.914663538466462
1,0.9,0.671428571428572,0,0,0.755725190839695,0.931741631464414
1,0.9,0.671428571428572,0,0,0.755725190839695,0.945403505824373
1,0.9,0.671428571428572,0,0,0.755725190839695,0.956333205325141
1,0.363636363636364,0.671428571428572,0.675,0,0.305343511450382,0.965077764976959
1,0.363636363636364,0,0.675,0.94,0.66412213740458,0.972072212621608
0,0.454545454545455,0.285714285714286,0.375,0.32,0.587786259541985,0.40001460093446
1,0.9,0.528571428571429,0,0.26,0.83206106870229,0.320009480606759
0,0.263636363636364,0.671428571428572,0.875,0,0.221374045801527,0.456018185163851
1,0.945454545454545,0.857142857142857,0,0,0.694656488549618,0.500021001344086
1,0.363636363636364,0,0.675,0.94,0.66412213740458,0.600027401753712
0,0.454545454545455,0.671428571428572,0.375,0,0.381679389312977,0.307208661354327
1,0.945454545454545,0.571428571428572,0,0,0.847328244274809,0.813263048835125
1,0.945454545454545,0.571428571428572,0,0,0.847328244274809,0.850621439772145
1,0.945454545454545,0.857142857142857,0,0,0.694656488549618,0.880507352470558
1,0.818181818181818,0.714285714285714,0,0.2,0.66412213740458,0.904416882680492
1,0.818181818181818,0.571428571428572,0,0,0.740458015267175,0.541015625
0,0.945454545454545,0.857142857142857,0,0,0.694656488549618,0.500021001344086
0,0.354545454545455,0.671428571428572,0.75,0,0.297709923664122,0.40001460093446
1,0.818181818181818,0.571428571428572,0,0,0.740458015267175,0.507221462173579
0,0.727272727272727,0.514285714285714,0,0,0.694656488549618,0.605787770417307
1,0.727272727272727,0.514285714285714,0,0,0.694656488549618,0.484628016193036
1,0.727272727272727,0.514285714285714,0,0,0.694656488549618,0.587712613607271
1,0.945454545454545,0.571428571428572,0,0,0.847328244274809,0.670180891577061
1,0.454545454545455,0.514285714285714,0.375,0,0.465648854961832,0.736155113927291
1,0.945454545454545,0.571428571428572,0,0,0.847328244274809,0.788934491807476
1,0.945454545454545,0.857142857142857,0,0,0.694656488549618,0.831158194124424
1,0.945454545454545,0.857142857142857,0,0,0.694656488549618,0.864937355990783
1,0.818181818181818,0.714285714285714,0,0,0.66412213740458,0.891960085445468
1,0.818181818181818,0.528571428571429,0,0.26,0.763358778625954,0.913579469086022
1,0.818181818181818,0.528571428571429,0,0.26,0.763358778625954,0.930873575908858
1,0.263636363636364,0.671428571428572,0.875,0,0.221374045801527,0.94470946140553
1,0.9,0.671428571428572,0,0,0.755725190839695,0.955778169802867
1,0.818181818181818,0.857142857142857,0,0,0.587786259541985,0.96463373655914
1,0.9,0.671428571428572,0,0,0.755725190839695,0.971717189900154
1,0.9,0.671428571428572,0,0,0.755725190839695,0.977384552611367
1,0.9,0.671428571428572,0,0,0.755725190839695,0.981917842741935
0,0.845454545454546,0.671428571428572,0.075,0,0.709923664122137,0.985545074884793
1,0.845454545454546,0.671428571428572,0.075,0,0.709923664122137,0.788433459741423
1,0.818181818181818,0.528571428571429,0,0,0.763358778625954,0.600027401753712
1,0.854545454545454,0.142857142857143,0,0.74,1,0.680032522081413
1,0.854545454545454,0.142857142857143,0,0.74,1,0.40001460093446
1,0.854545454545454,0.671428571428572,0,0,0.717557251908397,0.520022281426011
0,0.454545454545455,0.428571428571429,0,0,0.511450381679389,0.500021001344086
0,0,0.671428571428572,1,0,0,0.40001460093446
0,0.9,0.528571428571429,0,0.26,0.83206106870229,0.40001460093446
0,0.536363636363636,0.671428571428572,0.5,0,0.450381679389313,0.320009480606759
0,0.9,0.671428571428572,0,0,0.755725190839695,0.256005384344598
1,1,0.857142857142857,0,0,0.740458015267175,0.500021001344086
1,0.545454545454546,0.528571428571429,0.25,0,0.534351145038168,0.600027401753712
1,0.636363636363636,0.671428571428572,0.125,0,0.534351145038168,0.680032522081413
0,0.545454545454546,0.671428571428572,0.25,0,0.458015267175573,0.744036618343574
0,0.545454545454546,0.671428571428572,0.25,0,0.458015267175573,0.59522709453405
1,0.9,0.671428571428572,0,0,0.755725190839695,0.476179475486431
1,0.9,0.671428571428572,0,0,0.755725190839695,0.580954181067588
1,0.181818181818182,0.814285714285714,0.925,0,0.0763358778625955,0.664773545506912
0,0.181818181818182,0.814285714285714,0.925,0,0.0763358778625955,0.731829837109575
1,0.854545454545454,0.514285714285714,0,0.48,0.801526717557252,0.58546146953405
0,0.363636363636364,0.514285714285714,0.5,0,0.389312977099237,0.40001460093446
0,0.818181818181818,0.671428571428572,0,0,0.687022900763359,0.320009480606759
0,0.945454545454545,0.857142857142857,0,0,0.694656488549618,0.256005384344598
0,0.636363636363636,0.671428571428572,0.25,0,0.534351145038168,0.204802107334869
0,0.9,0.671428571428572,0,0,0.755725190839695,0.163839485727087
0,0.9,0.671428571428572,0,0,0.755725190839695,0.13106938844086
0,0.9,0.671428571428572,0,0,0.755725190839695,0.104853710637481
0,0.636363636363636,0.671428571428572,0.3,0,0.534351145038168,0.083880368343574
0,0.854545454545454,0.957142857142857,0,0,0.564885496183206,0.067102294546851
0,0.545454545454546,0.571428571428572,0,0,0.511450381679389,0.053679435483871
0,0.545454545454546,0.571428571428572,0,0,0.511450381679389,0.0429417482718894
0,0.545454545454546,0.571428571428572,0,0,0.511450381679389,0.0343511984767025
0,0.545454545454546,0.571428571428572,0,0,0.511450381679389,0.027478758640553
0,0.545454545454546,0.571428571428572,0,0,0.511450381679389,0.0219804067460317
0,0.818181818181818,0.571428571428572,0,0,0.740458015267175,0.0175821252560164
0,0.818181818181818,0.571428571428572,0,0,0.740458015267175,0.0140639000896057
0,0.818181818181818,0.571428571428572,0,0,0.740458015267175,0.0112487199180748
0,0.818181818181818,0.571428571428572,0,0,0.740458015267175,0.00899657578084997
0,0.818181818181818,0.571428571428572,0,0,0.740458015267175,0.00719546050947261
0,0.945454545454545,0.571428571428572,0,0,0.847328244274809,0.00575436827956989
0,0.945454545454545,0.857142857142857,0,0,0.694656488549618,0.0046012944828469
0,0.945454545454545,0.857142857142857,0,0,0.694656488549618,0.00367823540706605
0,0.945454545454545,0.857142857142857,0,0,0.694656488549618,0.00294018817204301
0,0.945454545454545,0.857142857142857,0,0,0.694656488549618,0.00235015040962622
0,0.945454545454545,0.857142857142857,0,0,0.694656488549618,0.00187812019969278
0,1,0.857142857142857,0,0,0.740458015267175,0.00150009600614439
0,1,0.857142857142857,0,0,0.740458015267175,0.00119807667690732
0,1,0.857142857142857,0,0,0.740458015267175,0.000956061187916027
0,0.636363636363636,0.857142857142857,0.5,0,0.435114503816794,0.000763048835125448
0,1,0.857142857142857,0,0,0.740458015267175,0.000608038914490527
0,1,0.857142857142857,0,0,0.740458015267175,0.000484030977982591
0,0.818181818181818,0.857142857142857,0,0,0.587786259541985,0.000385024641577061
0,0.818181818181818,0.857142857142857,0,0,0.587786259541985,0.000306019585253456
0,0.818181818181818,0.714285714285714,0,0.2,0.66412213740458,0.000243015552995392
0,0.818181818181818,0.714285714285714,0,0.2,0.66412213740458,0.000192012288786482
0,0.818181818181818,0.714285714285714,0,0.2,0.66412213740458,0.000151009664618536
0,0.818181818181818,0.714285714285714,0,0.2,0.66412213740458,0.000119007616487455
0,0.818181818181818,0.714285714285714,0,0.2,0.66412213740458,9.30059523809524e-05
0,0.818181818181818,0.714285714285714,0,0.2,0.66412213740458,7.20046082949309e-05
0,0.818181818181818,0.714285714285714,0,0.2,0.66412213740458,5.50035202252944e-05
0,0.818181818181818,0.714285714285714,0,0.2,0.66412213740458,4.2002688172043e-05
0,0.818181818181818,0.714285714285714,0,0.2,0.66412213740458,3.20020481310804e-05
0,0.454545454545455,0.714285714285714,0.5,0.2,0.358778625954198,2.3001472094214e-05
0,0.454545454545455,0.857142857142857,0.5,0,0.282442748091603,1.60010240655402e-05
0,0.454545454545455,0.857142857142857,0.5,0,0.282442748091603,1.10007040450589e-05
0,0.454545454545455,0.857142857142857,0.5,0,0.282442748091603,6.00038402457757e-06
0,0.454545454545455,1,0.5,0,0.206106870229008,3.00019201228879e-06
0,0.454545454545455,0.714285714285714,0.5,0.4,0.358778625954198,0
1,0.854545454545454,0.285714285714286,0,0.54,0.923664122137405,0.500021001344086
1,0.854545454545454,0.285714285714286,0,0.54,0.923664122137405,0.600027401753712
1,0.181818181818182,0.814285714285714,0.925,0,0.0763358778625955,0.680032522081413
0,0.454545454545455,0.857142857142857,0.5,0,0.282442748091603,0.500021001344086
0,0.454545454545455,1,0.5,0,0.206106870229008,0.40001460093446
0,0.454545454545455,0.714285714285714,0.5,0.4,0.358778625954198,0.320009480606759
0,0.272727272727273,0.428571428571429,0.25,0,0.358778625954198,0.307208661354327
0,0.454545454545455,0.671428571428572,0.375,0,0.381679389312977,0.245764728942652
1,0.818181818181818,0.671428571428572,0,0,0.687022900763359,0.196609583013313
0,0.545454545454546,0.571428571428572,0,0,0.511450381679389,0.480019721262161
0,0.945454545454545,0.857142857142857,0,0,0.694656488549618,0.38401357686892
0,0.945454545454545,0.857142857142857,0,0,0.694656488549618,0.307208661354327
1,0.945454545454545,0.857142857142857,0,0,0.694656488549618,0.245764728942652
1,1,0.857142857142857,0,0,0.740458015267175,0.396622383832565
1,1,0.857142857142857,0,0,0.740458015267175,0.517308107718894
1,1,0.857142857142857,0,0,0.740458015267175,0.613857286866359
1,0.454545454545455,0.714285714285714,0.5,0.2,0.358778625954198,0.69109623015873
0,0.454545454545455,1,0.5,0,0.206106870229008,0.75288818484383
1,0.363636363636364,0.514285714285714,0.5,0,0.389312977099237,0.500021001344086
0,0.363636363636364,0.528571428571429,0.5,0,0.381679389312977,0.600027401753712
0,0.818181818181818,0.571428571428572,0,0,0.740458015267175,0.256005384344598
0,0.363636363636364,0.514285714285714,0.5,0,0.389312977099237,0.204802107334869
1,0.454545454545455,0.428571428571429,0,0,0.511450381679389,0.600027401753712
1,0.272727272727273,0.428571428571429,0.25,0,0.358778625954198,0.680032522081413
1,0.818181818181818,0.571428571428572,0,0,0.740458015267175,0.40001460093446
0,0.727272727272727,0.428571428571429,0,0,0.740458015267175,0.520022281426011
1,0.636363636363636,0.671428571428572,0.125,0,0.534351145038168,0.416015625
0,0.454545454545455,0.671428571428572,0.375,0,0.381679389312977,0.364812347990271
1,0.818181818181818,0.714285714285714,0,0,0.66412213740458,0.291847678251408
1,0.9,0.671428571428572,0,0,0.755725190839695,0.43348874327957
0,0.9,0.528571428571429,0,0.26,0.83206106870229,0.500021001344086
0,0.536363636363636,0.671428571428572,0.5,0,0.450381679389313,0.40001460093446
0,0.727272727272727,0.514285714285714,0,0,0.694656488549618,0.564825148809524
1,0.945454545454545,0.857142857142857,0,0,0.694656488549618,0.45185791890681
1,0.818181818181818,0.714285714285714,0,0.4,0.66412213740458,0.561496935803891
1,0.818181818181818,0.714285714285714,0,0,0.66412213740458,0.600027401753712
1,0.818181818181818,0.528571428571429,0,0.26,0.763358778625954,0.680032522081413
1,0.9,0.528571428571429,0,0.26,0.83206106870229,0.744036618343574
1,0.263636363636364,0.671428571428572,0.875,0,0.221374045801527,0.795239895353303
1,0.9,0.671428571428572,0,0,0.755725190839695,0.836202516961085
1,0.854545454545454,0.285714285714286,0,0.54,0.923664122137405,0.868972614247312
0,0.854545454545454,0.957142857142857,0,0,0.564885496183206,0.600027401753712
0,0.454545454545455,0.428571428571429,0,0,0.511450381679389,0.500021001344086
0,0.454545454545455,0.428571428571429,0,0,0.511450381679389,0.40001460093446
0,0.727272727272727,0.428571428571429,0,0,0.740458015267175,0.320009480606759
0,0.818181818181818,0.671428571428572,0,0,0.687022900763359,0.256005384344598
0,0.818181818181818,0.714285714285714,0,0,0.66412213740458,0.204802107334869
0,0.818181818181818,0.714285714285714,0,0,0.66412213740458,0.163839485727087
1,0.363636363636364,0.428571428571429,0.5,0,0.435114503816794,0.600027401753712
0,0.536363636363636,0.671428571428572,0.5,0,0.450381679389313,0.680032522081413
0,0.545454545454546,0.528571428571429,0.25,0,0.534351145038168,0.600027401753712
1,0.9,0.857142857142857,0,0,0.656488549618321,0.500021001344086
1,0.9,0.857142857142857,0,0,0.656488549618321,0.600027401753712
1,0.727272727272727,0.428571428571429,0,0,0.740458015267175,0.586339525729647
1,0.818181818181818,0.671428571428572,0,0,0.687022900763359,0.669081821236559
1,0.818181818181818,0.671428571428572,0,0,0.687022900763359,0.735276057667691
0,0.545454545454546,0.571428571428572,0,0,0.511450381679389,0.13106938844086
0,0.818181818181818,0.571428571428572,0,0,0.740458015267175,0.104853710637481
0,0.818181818181818,0.571428571428572,0,0,0.740458015267175,0.083880368343574
0,0.818181818181818,0.571428571428572,0,0,0.740458015267175,0.067102294546851
1,0.454545454545455,0.857142857142857,0.5,0,0.282442748091603,0.053679435483871
1,0.363636363636364,0,0.675,0.94,0.66412213740458,0.500021001344086
0,0.172727272727273,0.814285714285714,1,0,0.0687022900763359,0.600027401753712
0,0.945454545454545,0.571428571428572,0,0,0.847328244274809,0.500021001344086
1,0.536363636363636,0.671428571428572,0.5,0,0.450381679389313,0.40001460093446
0,0.727272727272727,0.514285714285714,0,0,0.694656488549618,0.104853710637481
0,0.9,0.528571428571429,0,0,0.83206106870229,0.083880368343574
0,0.545454545454546,0.528571428571429,0.25,0,0.534351145038168,0.067102294546851
0,0.363636363636364,0.528571428571429,0.5,0,0.381679389312977,0.053679435483871
0,0.363636363636364,0.528571428571429,0.5,0,0.381679389312977,0.0429417482718894
0,0.181818181818182,0.814285714285714,0.925,0,0.0763358778625955,0.0343511984767025
0,0.636363636363636,0.671428571428572,0.25,0,0.534351145038168,0.520022281426011
0,0.363636363636364,0.857142857142857,0.675,0,0.206106870229008,0.416015625
0,0.854545454545454,0.142857142857143,0,1,1,0.332810299859191
1,0.818181818181818,0.571428571428572,0,0,0.740458015267175,0.500021001344086
1,0.945454545454545,0.571428571428572,0,0,0.847328244274809,0.600027401753712
1,0.9,0.671428571428572,0,0,0.755725190839695,0.500021001344086
1,0.9,0.528571428571429,0,0,0.83206106870229,0.600027401753712
1,0.9,0.671428571428572,0,0,0.755725190839695,0.680032522081413
1,0.9,0.671428571428572,0,0,0.755725190839695,0.744036618343574
1,0.854545454545454,0.671428571428572,0,0,0.717557251908397,0.795239895353303
1,0.854545454545454,0.142857142857143,0,0.74,1,0.836202516961085
1,0.854545454545454,0.142857142857143,0,0.74,1,0.868972614247312
1,0.854545454545454,0.142857142857143,0,0.74,1,0.895188292050691
1,0.854545454545454,0.142857142857143,0,0.74,1,0.916161634344598
1,0.854545454545454,0.671428571428572,0,0,0.717557251908397,0.932939708141321
1,0.854545454545454,0.671428571428572,0,0,0.717557251908397,0.946362567204301
1,0.854545454545454,0.285714285714286,0,0.54,0.923664122137405,0.957100254416283
1,0.9,0.671428571428572,0,0,0.755725190839695,0.96569080421147
1,0.854545454545454,0.285714285714286,0,0.54,0.923664122137405,0.972563244047619
1,0.854545454545454,0.671428571428572,0,0,0.717557251908397,0.97806159594214
1,0.363636363636364,0.671428571428572,0.675,0,0.305343511450382,0.982459877432156
1,0.363636363636364,0,0.675,0.94,0.66412213740458,0.985978102598566
1,0.854545454545454,0.142857142857143,0,1,1,0.988793282770097
1,0.545454545454546,0.571428571428572,0,0,0.511450381679389,0.740350382424475
1,0.545454545454546,0.571428571428572,0,0,0.511450381679389,0.792290706605223
1,0.545454545454546,0.571428571428572,0,0,0.511450381679389,0.833843365975422
1,0.818181818181818,0.571428571428572,0,0,0.740458015267175,0.867085493471582
1,0.945454545454545,0.571428571428572,0,0,0.847328244274809,0.893678195404506
1,0.945454545454545,0.857142857142857,0,0,0.694656488549618,0.91495355702765
1,0.818181818181818,0.671428571428572,0,0,0.687022900763359,0.931973646313364
1,0.945454545454545,0.857142857142857,0,0,0.694656488549618,0.945589517729135
1,0.818181818181818,0.714285714285714,0,0.2,0.66412213740458,0.956482214861751
1,0.454545454545455,0.857142857142857,0.5,0,0.282442748091603,0.965195772529442
0,0.454545454545455,0.428571428571429,0,0,0.511450381679389,0.320009480606759
0,0.818181818181818,0.571428571428572,0,0,0.740458015267175,0.256005384344598
0,0.945454545454545,0.571428571428572,0,0,0.847328244274809,0.204802107334869
0,0.945454545454545,0.857142857142857,0,0,0.694656488549618,0.163839485727087
0,0.545454545454546,0.571428571428572,0,0,0.511450381679389,0.600027401753712
1,0.945454545454545,0.857142857142857,0,0,0.694656488549618,0.480019721262161
0,0,0.671428571428572,1,0,0,0.320009480606759
0,0.354545454545455,0.671428571428572,0.75,0,0.297709923664122,0.256005384344598
0,0.545454545454546,0.671428571428572,0.25,0,0.458015267175573,0.204802107334869
1,0.9,0.671428571428572,0,0,0.755725190839695,0.163839485727087
0,0.9,0.671428571428572,0,0,0.755725190839695,0.331082189260113
1,0.845454545454546,0.671428571428572,0.075,0,0.709923664122137,0.264863951292883
0,0.363636363636364,0,0.675,0.94,0.66412213740458,0.411901361687148
0,0.172727272727273,0.814285714285714,1,0,0.0687022900763359,0.32951908922171
0,0.172727272727273,0.814285714285714,1,0,0.0687022900763359,0.263612871223758
0,0.172727272727273,0.814285714285714,1,0,0.0687022900763359,0.210888496863799
0,0.172727272727273,0.814285714285714,1,0,0.0687022900763359,0.168708797363031
0,0.363636363636364,0.514285714285714,0.5,0,0.389312977099237,0.500021001344086
1,0.854545454545454,0.285714285714286,0,0.54,0.923664122137405,0.40001460093446
1,0.727272727272727,0.428571428571429,0,0,0.740458015267175,0.795239895353303
1,0.727272727272727,0.428571428571429,0,0,0.740458015267175,0.836202516961085
1,0.727272727272727,0.428571428571429,0,0,0.740458015267175,0.868972614247312
1,0.727272727272727,0.514285714285714,0,0,0.694656488549618,0.895188292050691
1,0.818181818181818,0.671428571428572,0,0,0.687022900763359,0.916161634344598
1,0.454545454545455,0.671428571428572,0.375,0,0.381679389312977,0.932939708141321
1,0.818181818181818,0.671428571428572,0,0,0.687022900763359,0.946362567204301
1,0.818181818181818,0.528571428571429,0,0.2,0.763358778625954,0.957100254416283
1,0.818181818181818,0.528571428571429,0,0.2,0.763358778625954,0.96569080421147
1,0.545454545454546,0.528571428571429,0.25,0,0.534351145038168,0.972563244047619
1,0.363636363636364,0,0.675,0.94,0.66412213740458,0.97806159594214
0,0.363636363636364,0.514285714285714,0.5,0,0.389312977099237,0.500021001344086
1,0.9,0.671428571428572,0,0,0.755725190839695,0.40001460093446
1,0.454545454545455,0.428571428571429,0,0,0.511450381679389,0.351376488095238
0,0.727272727272727,0.428571428571429,0,0,0.740458015267175,0.481111791154634
1,0.363636363636364,0.514285714285714,0.5,0,0.389312977099237,0.3848876328085
1,0.363636363636364,0.514285714285714,0.5,0,0.389312977099237,0.507920506912442
0,0.818181818181818,0.857142857142857,0,0,0.587786259541985,0.606346806195597
1,0.854545454545454,0.671428571428572,0,0,0.717557251908397,0.485075044802867
1,0.854545454545454,0.285714285714286,0,0.54,0.923664122137405,0.588070636520737
1,0.363636363636364,0,0.675,0.94,0.66412213740458,0.670466909882232
0,0.363636363636364,0.857142857142857,0.675,0,0.206106870229008,0.736384128584229
0,0.363636363636364,0.857142857142857,0.675,0,0.206106870229008,0.589105702764977
1,0.945454545454545,0.857142857142857,0,0,0.694656488549618,0.500021001344086
1,0.945454545454545,0.857142857142857,0,0,0.694656488549618,0.600027401753712
1,1,0.857142857142857,0,0,0.740458015267175,0.680032522081413
1,1,0.857142857142857,0,0,0.740458015267175,0.744036618343574
0,1,0.857142857142857,0,0,0.740458015267175,0.795239895353303
1,0.818181818181818,0.857142857142857,0,0,0.587786259541985,0.636189716141833
1,0.818181818181818,0.857142857142857,0,0,0.587786259541985,0.70896237359191
1,0.818181818181818,0.714285714285714,0,0.2,0.66412213740458,0.76718009952637
1,0.818181818181818,0.714285714285714,0,0.2,0.66412213740458,0.813755080325141
1,0.454545454545455,0.714285714285714,0.5,0.4,0.358778625954198,0.851014464925755
0,0.363636363636364,0.514285714285714,0.5,0,0.389312977099237,0.40001460093446
1,0.363636363636364,0.514285714285714,0.5,0,0.389312977099237,0.600027401753712
0,0.363636363636364,0.528571428571429,0.5,0,0.381679389312977,0.680032522081413
1,0.854545454545454,0.142857142857143,0,0.74,1,0.544023817524322
1,0.854545454545454,0.285714285714286,0,0.54,0.923664122137405,0.635229654697901
1,0.9,0.671428571428572,0,0,0.755725190839695,0.708194324436764
1,0.363636363636364,0,0.675,0.94,0.66412213740458,0.766566060227855
1,0.818181818181818,0.528571428571429,0,0.2,0.763358778625954,0.500021001344086
1,0.818181818181818,0.528571428571429,0,0.2,0.763358778625954,0.600027401753712
1,0.9,0.671428571428572,0,0,0.755725190839695,0.680032522081413
1,0.9,0.671428571428572,0,0,0.755725190839695,0.744036618343574
1,0.9,0.671428571428572,0,0,0.755725190839695,0.795239895353303
1,0.9,0.671428571428572,0,0,0.755725190839695,0.836202516961085
1,0.9,0.671428571428572,0,0,0.755725190839695,0.868972614247312
1,0.636363636363636,0.671428571428572,0.3,0,0.534351145038168,0.895188292050691
1,0.854545454545454,0.671428571428572,0,0,0.717557251908397,0.916161634344598
1,0.854545454545454,0.142857142857143,0,0.74,1,0.932939708141321
1,0.854545454545454,0.142857142857143,0,0.74,1,0.946362567204301
1,0.854545454545454,0.285714285714286,0,0.54,0.923664122137405,0.957100254416283
1,0.363636363636364,0,0.675,0.94,0.66412213740458,0.96569080421147
0,0.363636363636364,0.857142857142857,0.675,0,0.206106870229008,0.972563244047619
1,0.854545454545454,0.142857142857143,0,1,1,0.778048795122888
0,0.727272727272727,0.428571428571429,0,0,0.740458015267175,0.256005384344598
0,0.363636363636364,0.514285714285714,0.5,0,0.389312977099237,0.204802107334869
1,0.727272727272727,0.514285714285714,0,0,0.694656488549618,0.163839485727087
1,0.818181818181818,0.671428571428572,0,0,0.687022900763359,0.331082189260113
1,0.9,0.671428571428572,0,0,0.755725190839695,0.464876752112135
0,0.181818181818182,0.814285714285714,0.925,0,0.0763358778625955,0.57191160234255
0,0.9,0.857142857142857,0,0,0.656488549618321,0.320009480606759
1,0.727272727272727,0.514285714285714,0,0,0.694656488549618,0.500021001344086
0,0.845454545454546,0.671428571428572,0.075,0,0.709923664122137,0.600027401753712
0,0.818181818181818,0.714285714285714,0,0,0.66412213740458,0.680032522081413
0,0.818181818181818,0.714285714285714,0,0,0.66412213740458,0.500021001344086
1,0.818181818181818,0.714285714285714,0,0,0.66412213740458,0.40001460093446
0,0.818181818181818,0.714285714285714,0,0.2,0.66412213740458,0.520022281426011
0,0.854545454545454,0.514285714285714,0,0.48,0.801526717557252,0.416015625
1,0.9,0.671428571428572,0,0,0.755725190839695,0.40001460093446
1,0.854545454545454,0.285714285714286,0,0.54,0.923664122137405,0.520022281426011
1,0.9,0.671428571428572,0,0,0.755725190839695,0.616028425819252
0,0.845454545454546,0.671428571428572,0.075,0,0.709923664122137,0.692833341333845
0,0.363636363636364,0.857142857142857,0.675,0,0.206106870229008,0.554264472926267
0,0.363636363636364,0.857142857142857,0.675,0,0.206106870229008,0.443409378200205
0,0.545454545454546,0.571428571428572,0,0,0.511450381679389,0.40001460093446
0,0.545454545454546,0.571428571428572,0,0,0.511450381679389,0.320009480606759
0,0.545454545454546,0.571428571428572,0,0,0.511450381679389,0.256005384344598
0,0.818181818181818,0.571428571428572,0,0,0.740458015267175,0.204802107334869
0,0.818181818181818,0.571428571428572,0,0,0.740458015267175,0.163839485727087
1,0.945454545454545,0.857142857142857,0,0,0.694656488549618,0.13106938844086
1,0.545454545454546,0.571428571428572,0,0,0.511450381679389,0.500021001344086
1,0.945454545454545,0.857142857142857,0,0,0.694656488549618,0.600027401753712
1,0.454545454545455,0.857142857142857,0.5,0,0.282442748091603,0.600027401753712
0,0.454545454545455,0.428571428571429,0,0,0.511450381679389,0.211888560867896
0,0.454545454545455,0.428571428571429,0,0,0.511450381679389,0.169508848566308
0,0.454545454545455,0,0,0.6,0.740458015267175,0.135604678699437
0,0.454545454545455,0.428571428571429,0,0,0.511450381679389,0.108481942844342
0,0.727272727272727,0.514285714285714,0,0,0.694656488549618,0.0867835541474654
0,0.818181818181818,0.714285714285714,0,0,0.66412213740458,0.0694244431643625
0,0.818181818181818,0.714285714285714,0,0,0.66412213740458,0.0555375544034818
0,0.818181818181818,0.528571428571429,0,0.26,0.763358778625954,0.0444278433819765
0,0.9,0.528571428571429,0,0.26,0.83206106870229,0.035540274577573
0,1,0.857142857142857,0,0,0.740458015267175,0.0284298195084485
0,0.9,0.528571428571429,0,0.26,0.83206106870229,0.022741455453149
0,0.9,0.671428571428572,0,0,0.755725190839695,0.018191164234511
0,0.9,0.671428571428572,0,0,0.755725190839695,0.0145509312596006
0,0.818181818181818,0.857142857142857,0,0,0.587786259541985,0.0116387448796723
0,0.354545454545455,0.671428571428572,0.75,0,0.297709923664122,0.00930859575012801
0,0.9,0.671428571428572,0,0,0.755725190839695,0.00744447644649257
0,0.9,0.671428571428572,0,0,0.755725190839695,0.00595338101638505
0,0.9,0.671428571428572,0,0,0.755725190839695,0.00476030465949821
0,0.536363636363636,0.671428571428572,0.5,0,0.450381679389313,0.00380624359959037
0,0.818181818181818,0.714285714285714,0,0.2,0.66412213740458,0.00304319476446493
1,0.9,0.671428571428572,0,0,0.755725190839695,0.00243215565796211
1,0.9,0.671428571428572,0,0,0.755725190839695,0.201955925179211
0,0.454545454545455,0.714285714285714,0.5,0.2,0.358778625954198,0.361575140809012
0,0.454545454545455,0.857142857142857,0.5,0,0.282442748091603,0.289258512544803
0,0.172727272727273,0.814285714285714,1,0,0.0687022900763359,0.231404809907834
0,0.9,0.857142857142857,0,0,0.656488549618321,0.185120847734255
0,0.9,0.857142857142857,0,0,0.656488549618321,0.148094478046595
0,0.727272727272727,0.428571428571429,0,0,0.740458015267175,0.480019721262161
1,0.454545454545455,0.428571428571429,0,0,0.511450381679389,0.600027401753712
0,0.454545454545455,0.428571428571429,0,0,0.511450381679389,0.680032522081413
0,0.272727272727273,0.428571428571429,0.25,0,0.358778625954198,0.544023817524322
1,0.727272727272727,0.428571428571429,0,0,0.740458015267175,0.435216853878648
0,0.727272727272727,0.514285714285714,0,0,0.694656488549618,0.548184083781362
0,0.727272727272727,0.514285714285714,0,0,0.694656488549618,0.438545066884281
0,0.727272727272727,0.514285714285714,0,0,0.694656488549618,0.350833453341014
0,0.454545454545455,0.514285714285714,0.375,0,0.465648854961832,0.280664962557604
0,0.454545454545455,0.514285714285714,0.375,0,0.465648854961832,0.224529369879672
0,0.454545454545455,0.671428571428572,0.375,0,0.381679389312977,0.17962149577573
1,0.454545454545455,0.671428571428572,0.375,0,0.381679389312977,0.143695196492576
0,0,0.671428571428572,1,0,0,0.314966157834101
0,0.818181818181818,0.671428571428572,0,0,0.687022900763359,0.251971126152074
0,0.818181818181818,0.671428571428572,0,0,0.687022900763359,0.201574900793651
0,0.181818181818182,0.814285714285714,0.925,0,0.0763358778625955,0.16125732046851
0,0.854545454545454,0.857142857142857,0,0,0.618320610687023,0.129004256272401
0,0.854545454545454,0.514285714285714,0,0.48,0.801526717557252,0.10320060483871
0,0.854545454545454,0.514285714285714,0,0.48,0.801526717557252,0.0825582837301587
1,0.363636363636364,0.514285714285714,0.5,0,0.389312977099237,0.40001460093446
1,0.9,0.671428571428572,0,0,0.755725190839695,0.520022281426011
0,0.363636363636364,0.528571428571429,0.5,0,0.381679389312977,0.616028425819252
1,0.854545454545454,0.142857142857143,0,0.74,1,0.492820540514593
1,0.854545454545454,0.142857142857143,0,0.74,1,0.594267033090118
1,0.854545454545454,0.285714285714286,0,0.54,0.923664122137405,0.675424227150538
0,0.181818181818182,0.814285714285714,0.925,0,0.0763358778625955,0.740350382424475
1,0.363636363636364,0,0.675,0.94,0.66412213740458,0.59227790578597
1,0.818181818181818,0.714285714285714,0,0.2,0.66412213740458,0.500021001344086
0,0.454545454545455,0.714285714285714,0.5,0.2,0.358778625954198,0.600027401753712
0,0.818181818181818,0.528571428571429,0,0.2,0.763358778625954,0.500021001344086
0,0.172727272727273,0.814285714285714,1,0,0.0687022900763359,0.40001460093446
0,0.272727272727273,0.428571428571429,0.25,0,0.358778625954198,0.500021001344086
0,0.945454545454545,0.571428571428572,0,0,0.847328244274809,0.40001460093446
0,0.945454545454545,0.857142857142857,0,0,0.694656488549618,0.320009480606759
0,0.9,0.671428571428572,0,0,0.755725190839695,0.256005384344598
1,0.272727272727273,0.428571428571429,0.25,0,0.358778625954198,0.600027401753712
0,0.727272727272727,0.428571428571429,0,0,0.740458015267175,0.680032522081413
1,0.9,0.671428571428572,0,0,0.755725190839695,0.544023817524322
0,0.363636363636364,0.857142857142857,0.675,0,0.206106870229008,0.635229654697901
0,0.454545454545455,0.428571428571429,0,0,0.511450381679389,0.40001460093446
0,0.9,0.671428571428572,0,0,0.755725190839695,0.320009480606759
0,0.545454545454546,0.571428571428572,0,0,0.511450381679389,0.163839485727087
0,0.818181818181818,0.571428571428572,0,0,0.740458015267175,0.13106938844086
0,0.818181818181818,0.571428571428572,0,0,0.740458015267175,0.104853710637481
0,0.818181818181818,0.857142857142857,0,0,0.587786259541985,0.083880368343574
1,0.454545454545455,0.857142857142857,0.5,0,0.282442748091603,0.067102294546851
0,0.454545454545455,0.857142857142857,0.5,0,0.282442748091603,0.253692236303123
1,0.272727272727273,0.428571428571429,0.25,0,0.358778625954198,0.40001460093446
1,0.727272727272727,0.428571428571429,0,0,0.740458015267175,0.564825148809524
1,0.727272727272727,0.428571428571429,0,0,0.740458015267175,0.651870719726062
1,0.363636363636364,0.428571428571429,0.5,0,0.435114503816794,0.721507176459293
1,0.363636363636364,0.514285714285714,0.5,0,0.389312977099237,0.77721674187148
1,0.363636363636364,0.514285714285714,0.5,0,0.389312977099237,0.821783594150026
1,0.727272727272727,0.428571428571429,0,0,0.740458015267175,0.857437876024066
1,0.363636363636364,0.514285714285714,0.5,0,0.389312977099237,0.885960701484895
1,0.363636363636364,0.514285714285714,0.5,0,0.389312977099237,0.908779161866359
1,0.363636363636364,0.514285714285714,0.5,0,0.389312977099237,0.927034330197133
1,0.818181818181818,0.671428571428572,0,0,0.687022900763359,0.941637264784946
0,0.818181818181818,0.671428571428572,0,0,0.687022900763359,0.953321012544803
0,0.636363636363636,0.671428571428572,0.25,0,0.534351145038168,0.762654809907834
1,0.818181818181818,0.528571428571429,0,0.26,0.763358778625954,0.610121047747056
0,1,0.857142857142857,0,0,0.740458015267175,0.68810803891449
1,0.9,0.528571428571429,0,0.26,0.83206106870229,0.550484230990783
1,1,0.857142857142857,0,0,0.740458015267175,0.64039798547107
1,0.636363636363636,0.671428571428572,0.3,0,0.534351145038168,0.712328589029698
1,0.636363636363636,0.671428571428572,0.3,0,0.534351145038168,0.769873271889401
1,0.545454545454546,0.528571428571429,0.25,0,0.534351145038168,0.815909218189964
1,0.854545454545454,0.285714285714286,0,0.54,0.923664122137405,0.852738575268817
1,0.854545454545454,0.142857142857143,0,0.74,1,0.882201460893497
1,0.854545454545454,0.142857142857143,0,0.74,1,0.905771969406042
1,0.818181818181818,0.714285714285714,0,0.2,0.66412213740458,0.924628176203277
1,0.854545454545454,0.285714285714286,0,0.54,0.923664122137405,0.939713141641065
1,0.454545454545455,0.857142857142857,0.5,0,0.282442748091603,0.951780913978495
1,0.854545454545454,0.142857142857143,0,1,1,0.96143553187404
0,0.454545454545455,0.428571428571429,0,0,0.511450381679389,0.500021001344086
0,0.454545454545455,0.428571428571429,0,0,0.511450381679389,0.40001460093446
0,0.727272727272727,0.428571428571429,0,0,0.740458015267175,0.500021001344086
0,0.727272727272727,0.428571428571429,0,0,0.740458015267175,0.40001460093446
1,0.363636363636364,0.514285714285714,0.5,0,0.389312977099237,0.320009480606759
1,0.727272727272727,0.514285714285714,0,0,0.694656488549618,0.456018185163851
1,0.727272727272727,0.514285714285714,0,0,0.694656488549618,0.564825148809524
1,0.454545454545455,0.514285714285714,0.375,0,0.465648854961832,0.651870719726062
1,0.454545454545455,0.514285714285714,0.375,0,0.465648854961832,0.721507176459293
1,0.454545454545455,0.671428571428572,0.375,0,0.381679389312977,0.77721674187148
1,0.818181818181818,0.528571428571429,0,0,0.763358778625954,0.821783594150026
1,0.818181818181818,0.528571428571429,0,0,0.763358778625954,0.857437876024066
1,0.9,0.528571428571429,0,0,0.83206106870229,0.885960701484895
1,0.9,0.528571428571429,0,0,0.83206106870229,0.908779161866359
0,0.454545454545455,0.428571428571429,0,0,0.511450381679389,0.744036618343574
1,0.727272727272727,0.428571428571429,0,0,0.740458015267175,0.59522709453405
1,0.727272727272727,0.428571428571429,0,0,0.740458015267175,0.676192276305684
1,0.363636363636364,0.514285714285714,0.5,0,0.389312977099237,0.74096442172299
1,0.363636363636364,0.514285714285714,0.5,0,0.389312977099237,0.792781738031234
1,0.818181818181818,0.671428571428572,0,0,0.687022900763359,0.834236391129032
0,0.454545454545455,0.428571428571429,0,0,0.511450381679389,0.320009480606759
1,0.454545454545455,0.428571428571429,0,0,0.511450381679389,0.256005384344598
1,0.727272727272727,0.428571428571429,0,0,0.740458015267175,0.404814908154122
1,0.363636363636364,0.514285714285714,0.5,0,0.389312977099237,0.523862527201741
1,0.727272727272727,0.428571428571429,0,0,0.740458015267175,0.619100622439836
0,0.727272727272727,0.514285714285714,0,0,0.694656488549618,0.695291498655914
0,0.454545454545455,0.671428571428572,0.375,0,0.381679389312977,0.55623059875832
0,0.636363636363636,0.671428571428572,0.25,0,0.534351145038168,0.444982478878648
1,0.818181818181818,0.528571428571429,0,0,0.763358778625954,0.35598378296211
1,0.818181818181818,0.528571428571429,0,0.2,0.763358778625954,0.484798027073733
1,0.818181818181818,0.528571428571429,0,0.2,0.763358778625954,0.587848622311828
1,0.9,0.671428571428572,0,0,0.755725190839695,0.670289898553507
0,0.9,0.671428571428572,0,0,0.755725190839695,0.736242119495648
1,0.636363636363636,0.671428571428572,0.3,0,0.534351145038168,0.58899169546851
1,0.9,0.671428571428572,0,0,0.755725190839695,0.671203957053251
